https://pbs.twimg.com/profile_images/1517535852905308161/MILIC_8K_normal.jpg,tamanduan5
https://pbs.twimg.com/profile_images/1517559196153270275/y32uM8ev_normal.jpg,trunkbacki0
https://pbs.twimg.com/profile_images/1516846319494746125/FzZ661D6_normal.png,perseidees
https://pbs.twimg.com/profile_images/1486598277323796483/cKnmbLv7_normal.jpg,Bizdecker1
https://pbs.twimg.com/profile_images/1488271581105332232/0YKQtFWp_normal.jpg,OneSecondOfThe1
https://pbs.twimg.com/profile_images/1517567240333406208/4Ng1uX5t_normal.jpg,hoymane83
https://pbs.twimg.com/profile_images/1517574533129117698/SYnU5N0j_normal.jpg,overfatm6
https://pbs.twimg.com/profile_images/1505836183502614530/D8PKWMbe_normal.jpg,berlinking01
https://pbs.twimg.com/profile_images/1480235649693270019/SiriaQPF_normal.jpg,Dore3nson
https://pbs.twimg.com/profile_images/1517570200270483457/51Z-wzda_normal.jpg,ryebv33
https://pbs.twimg.com/profile_images/1506750519590592513/8jLI4MFP_normal.jpg,faderyzz
https://pbs.twimg.com/profile_images/1519491841594339329/_3pT1CaI_normal.jpg,Magikarp_Sushi
https://pbs.twimg.com/profile_images/1512513012787200001/moC6bkgk_normal.jpg,BF0rget
https://pbs.twimg.com/profile_images/1517551310412865537/0qSHzkuS_normal.jpg,numskulledp4
https://pbs.twimg.com/profile_images/1517574131780403202/OQSboF9x_normal.jpg,oraclesz0
https://pbs.twimg.com/profile_images/1516758117119315970/1YUOxK2O_normal.jpg,D3lux3_NFT
https://pbs.twimg.com/profile_images/1514928528436903942/7SDWzEOK_normal.jpg,KingDiam0ndHand
https://pbs.twimg.com/profile_images/1505597131138154509/GsXfsRRJ_normal.jpg,1supremequis
https://pbs.twimg.com/profile_images/1517570446123802624/H2gnT5vz_normal.jpg,solioj5
https://pbs.twimg.com/profile_images/687418713524547585/CNQgzSxh_normal.jpg,Jiun082
https://pbs.twimg.com/profile_images/1518524437888479233/-H_HCRT4_normal.jpg,MaisonGhost
https://pbs.twimg.com/profile_images/1509062047425773572/bUmCZQD9_normal.jpg,CryptoGorillaYT
https://pbs.twimg.com/profile_images/1488749186610728960/4POimDrS_normal.jpg,BentoBoiNFT
https://pbs.twimg.com/profile_images/1476819800345042944/m8IM_9lv_normal.jpg,ryandcrypto
https://pbs.twimg.com/profile_images/1507157630065979392/okU8GyCw_normal.jpg,nftpasta
https://pbs.twimg.com/profile_images/1478190858348695554/EiDBudmJ_normal.jpg,TastyBonesNFT
https://pbs.twimg.com/profile_images/1472477878537367553/9Mr1vNhC_normal.jpg,KosherPlug
https://pbs.twimg.com/profile_images/1486631577492803589/4gjE9kKF_normal.jpg,SatoshiRunnerz
https://pbs.twimg.com/profile_images/1514105297001844739/IZAHKCt8_normal.jpg,takoa__
https://pbs.twimg.com/profile_images/1504329130007199754/MjON-Mka_normal.jpg,fridgeintheopen
https://pbs.twimg.com/profile_images/1513576918821580812/m0pDPDaQ_normal.jpg,HokeHustles
https://pbs.twimg.com/profile_images/1518674356121088000/NPVYd9Ns_normal.png,NickyGee44
https://pbs.twimg.com/profile_images/1485130239961300992/21HMdnQO_normal.jpg,web3sg
https://pbs.twimg.com/profile_images/1514311679487758341/EdluLDZR_normal.jpg,Zooversenft
https://pbs.twimg.com/profile_images/1501088964832215040/ei98M6O6_normal.jpg,asian_mint
https://pbs.twimg.com/profile_images/1486304167824343044/puJJN9r0_normal.jpg,Pants_shh
https://pbs.twimg.com/profile_images/1513110254678323205/2YGUMSoR_normal.jpg,devilsnarefizz
https://pbs.twimg.com/profile_images/1518847149370339330/70Ryh3Ya_normal.png,Dagelanco
https://pbs.twimg.com/profile_images/1514256775159193605/qzztYeiq_normal.jpg,NFTZerk
https://pbs.twimg.com/profile_images/1490778122706296833/Tg_LuJff_normal.jpg,BlockchainGavin
https://pbs.twimg.com/profile_images/1494943290671595525/ut4yyuVw_normal.jpg,dmatrixclub
https://pbs.twimg.com/profile_images/1435160923036176384/23lpqhWj_normal.jpg,xyz81145441
https://pbs.twimg.com/profile_images/1232237770405535749/_D2SFF1V_normal.jpg,lfakaa6
https://pbs.twimg.com/profile_images/1488676587562229762/kdokp6aa_normal.jpg,Yinnsnn
https://pbs.twimg.com/profile_images/1483620563943780353/vFk9BpgD_normal.jpg,TCP22350463
https://pbs.twimg.com/profile_images/1518910026454290432/ca9tgUJe_normal.jpg,afonso_dique
https://pbs.twimg.com/profile_images/1221187128203280385/bTQvJYpi_normal.jpg,CvelezLuis
https://pbs.twimg.com/profile_images/1517777960849137666/12-7FTTI_normal.jpg,adi__jaiswal
https://pbs.twimg.com/profile_images/1519292054815322114/kFQNvf3C_normal.jpg,Karen10888988
https://pbs.twimg.com/profile_images/1515178417817530373/u_stVNJF_normal.jpg,PrncssM1998
https://pbs.twimg.com/profile_images/1496456779576012800/mQEEDktr_normal.jpg,BoredApeNeed
https://abs.twimg.com/sticky/default_profile_images/default_profile_normal.png,tYbHyQ2X7ATXYt1
https://pbs.twimg.com/profile_images/1519536734694146048/BIMptqT3_normal.jpg,eadington_anne
https://pbs.twimg.com/profile_images/1492532649612627970/0JolAHTD_normal.jpg,siaweirdways
https://pbs.twimg.com/profile_images/1504754674804858884/maELxWE0_normal.jpg,saozhu90455612
https://pbs.twimg.com/profile_images/1385155235354533889/Sbho9Ort_normal.jpg,zhaoyi64106322
https://pbs.twimg.com/profile_images/1519614788787220483/wQsmcyNX_normal.jpg,MarySinach2000
https://pbs.twimg.com/profile_images/1509633014925443076/xV6UlV7J_normal.png,Yolanda44933571
https://pbs.twimg.com/profile_images/1519941141625401345/Yqo6P3Df_normal.png,NFTbeater
https://pbs.twimg.com/profile_images/1511650471924146178/f44S3Rj0_normal.jpg,sha3_wl
https://abs.twimg.com/sticky/default_profile_images/default_profile_normal.png,Vellai86641220
https://pbs.twimg.com/profile_images/1481564792653598724/CztLfKxk_normal.jpg,OgbagaPeacy
https://pbs.twimg.com/profile_images/1519931966291910657/q82u9uRS_normal.jpg,luminarybelle1
https://pbs.twimg.com/profile_images/1519361202341691392/KU9WPPXv_normal.jpg,adamaka_nnaeme
https://pbs.twimg.com/profile_images/1495805512356704260/2LrGUQ9j_normal.jpg,HumzahUmar
https://pbs.twimg.com/profile_images/1519704562621427713/85oKlkFM_normal.jpg,Tichasua
https://pbs.twimg.com/profile_images/1505469639442124800/VQBgvelP_normal.png,CapedApe22
https://pbs.twimg.com/profile_images/1500628768603484164/bs-gKqS0_normal.jpg,serkanetseverrr
https://pbs.twimg.com/profile_images/1513737984042057732/xvSXVNu1_normal.png,mershad_z11
https://pbs.twimg.com/profile_images/1371149731011911687/mPaMQd5w_normal.jpg,Riri27036569
https://pbs.twimg.com/profile_images/1519913926137458689/GoVb5bkd_normal.jpg,coolnfts67
https://pbs.twimg.com/profile_images/1516088015172648962/SQqgPbTw_normal.png,Texseract
https://abs.twimg.com/sticky/default_profile_images/default_profile_normal.png,MarinaSapina1
https://pbs.twimg.com/profile_images/1519641410932289536/7dqGkq64_normal.png,WFarinde
https://pbs.twimg.com/profile_images/1517955270357495811/WjdlL68A_normal.jpg,marpcrypto
https://pbs.twimg.com/profile_images/1519936039539806208/pQm59LWB_normal.png,mazz_qiqi
https://pbs.twimg.com/profile_images/1519570690235834369/_vcR8yaO_normal.jpg,BebitcanD
https://pbs.twimg.com/profile_images/1507136534767669261/QcluiQ1j_normal.jpg,Jo62410704
https://pbs.twimg.com/profile_images/1519617015807639553/noP1uTA3_normal.jpg,peterggene_
https://pbs.twimg.com/profile_images/378800000473743540/f765959e6c7bf8bdd486ba6ed793e130_normal.jpeg,talktohellen
https://pbs.twimg.com/profile_images/1519927135468761088/PQBFRxSl_normal.png,sixgatess
https://pbs.twimg.com/profile_images/1519928677802606593/Gy4A8UDo_normal.jpg,1Good420
https://pbs.twimg.com/profile_images/1519921191473258496/0eIzrx7v_normal.jpg,Cloudfolk1
https://pbs.twimg.com/profile_images/1297998506599288834/PUx8OqU9_normal.jpg,AmosOkpere
https://pbs.twimg.com/profile_images/1485882852877246468/87vj5i_Z_normal.jpg,ikemehagatha
https://pbs.twimg.com/profile_images/1515410977835028481/GgtEG9bU_normal.jpg,neneandy0
https://pbs.twimg.com/profile_images/1519802391889068032/Bz4m1JuM_normal.jpg,ijoma_somadina
https://pbs.twimg.com/profile_images/1456276043371712521/cDNn8qXY_normal.jpg,Prosper6627
https://pbs.twimg.com/profile_images/1485540024867241989/q9GbeDqE_normal.jpg,amirovichhh
https://pbs.twimg.com/profile_images/1448593092706123786/KF7Rx4jp_normal.png,chenlon49367318
https://abs.twimg.com/sticky/default_profile_images/default_profile_normal.png,Mitchconer
https://pbs.twimg.com/profile_images/1455596170907111425/HCx8JO9i_normal.jpg,crypto0din
https://pbs.twimg.com/profile_images/1508445011226017798/4d11P4V7_normal.jpg,Gbaba90397951
https://pbs.twimg.com/profile_images/1444388213364125696/OhuREq_s_normal.jpg,UchechiDee
https://pbs.twimg.com/profile_images/1476695983799029763/kHJXUqeh_normal.jpg,NFT_JRD
https://pbs.twimg.com/profile_images/1519292090680815616/Kn7d-ZBz_normal.jpg,RudigierPatrick
https://pbs.twimg.com/profile_images/1518734872361451521/DrSBoh6r_normal.jpg,TerryHilsberg
https://pbs.twimg.com/profile_images/1517562416103845888/XtPWYlap_normal.jpg,Degenealogy
https://pbs.twimg.com/profile_images/1515942112272994304/X2FYFyWN_normal.jpg,k1nov
https://pbs.twimg.com/profile_images/1333102456251813891/4Xp3zD3Q_normal.jpg,FabricsRubies
https://pbs.twimg.com/profile_images/1517102563945947136/nWarwa44_normal.jpg,SaratrejoNFT
https://pbs.twimg.com/profile_images/1482758396562526212/ysKNI3xB_normal.jpg,xxceptive
https://pbs.twimg.com/profile_images/1423598431944077312/iazJo_Uq_normal.jpg,EtherLoda
